username,password,email
john_doe,password123,john@example.com
jane_smith,password123,jane@example.com
sam_jones,password123,sam@example.com
lisa_white,password123,lisa@example.com
mark_brown,password123,mark@example.com
nina_black,password123,nina@example.com
paul_green,password123,paul@example.com
emma_blue,password123,emma@example.com
oliver_gray,password123,oliver@example.com
lucas_yellow,password123,lucas@example.com
